"","id","group","group_at_test","date","height","mass","ift","dob","year","Maturity_offset","time_point","age_at_test","cmj_height","cmj_rsi","rj_ct","rj_height","rj_rsi","l_grip","r_grip","max_force","rel_max_force"
"1","ETC01","u13s","u12s",2024-04-04,149,41.4,16.5,2013-11-05,"25_26",-0.252337186053113,"April 2024",10.41,25.4,0.42,174,28.7,1.54,NA,NA,1222,29.38
"2","ETC01","u13s",NA,2024-08-29,151,43.4,17.5,2013-11-05,"25_26",-0.0890106202978118,"August 2024",10.81,25.4,0.41,170,20.3,1.2,NA,NA,1146,25.35
"3","ETC01","u14s","u14s",2025-09-08,154.7,47.3,18.5,2013-11-05,"25_26",0.0858287193775519,"September 2025",11.84,27.8,0.38,177,23.1,1.31,5.07399577167019,4.63002114164905,NA,NA
"4","ETC01","u13s","u12s",2023-11-03,145.3,37.5,NA,2013-11-05,"25_26",-0.461375640193496,"Autumn 2023",9.99,23.5,0.49,163,23.1,1.41,NA,NA,956,24.45
"5","ETC01","u13s","u14s",2025-04-15,153.5,44.6,18,2013-11-05,"25_26",0.109234636273263,"April 2025",11.44,26.9,0.36,148,17.9,1.21,NA,NA,1490,29.97
"6","ETC02","u13s","u14s",2025-04-15,158.5,41.8,17,2012-01-04,"25_26",NA,"April 2025",13.28,23.9,0.37,147,15.8,1.07,NA,NA,1507,32.77
"7","ETC02","u14s","u14s",2025-09-08,161.6,44.5,19.5,2012-01-04,"25_26",1.69293825082397,"September 2025",13.68,27.8,0.43,149,19,1.27,5.75280898876404,5.95505617977528,NA,NA
"8","ETC02","u13s","u12s",2023-11-03,146.5,34.6,NA,2012-01-04,"25_26",0.531701975148704,"Autumn 2023",11.83,25,0.38,186,17.8,0.95,NA,NA,927,25.62
"9","ETC02","u13s","u12s",2024-04-05,150,37.4,15.5,2012-01-04,"25_26",0.815555470031483,"April 2024",12.25,20.9,0.34,175,12.9,0.74,NA,NA,1289,34.28
"10","ETC02","u13s","u12s",2024-02-16,148,37.6,NA,2012-01-04,"25_26",0.74245459644893,"Feb 2024",12.12,20.7,0.33,190,13.6,0.71,NA,NA,946,25.29
"11","ETC03","u13s","u14s",2025-04-16,150.2,38.1,16.5,2012-08-04,"24_25",0.677257684048514,"April 2025",12.7,17.8,0.21,198,20.1,1.01,NA,NA,902,22.66
"12","ETC03","u13s","u12s",2024-04-04,145,33.2,16,2012-08-04,"24_25",0.277224753901766,"April 2024",11.67,19.2,0.28,209,21.4,1.03,NA,NA,883,26.44
"13","ETC03","u13s",NA,2024-08-28,145.9,35.2,16,2012-08-04,"24_25",0.401787677196001,"August 2024",12.07,20.4,0.29,173,20.2,1.17,NA,NA,851,32.11
"14","ETC03","u13s","u12s",2023-11-03,141.5,30.2,NA,2012-08-04,"24_25",0.0381469151930571,"Autumn 2023",11.25,20.7,0.31,218,20.3,0.93,NA,NA,831,26.12
"15","ETC03","u13s","u12s",2024-02-16,142,32.4,NA,2012-08-04,"24_25",0.165243685496235,"Feb 2024",11.54,17.2,0.25,196,18.1,0.92,NA,NA,773,23.65
"16","ETC04","u12s","u12s",2023-11-03,143.6,33.1,NA,2012-09-15,"24_25",0.0508426927412471,"Autumn 2023",11.13,21.5,0.34,172,22.3,1.29,NA,NA,803,23.15
"17","ETC05","u12s","u12s",2024-04-05,153.4,47.2,16.5,2013-05-16,"25_26",0.527631048499256,"April 2024",10.89,12.9,0.34,200,17.1,0.86,NA,NA,1068,22.47
"18","ETC05","u12s","u12s",2023-11-03,149.6,43.6,NA,2013-05-16,"25_26",0.239044140436918,"Autumn 2023",10.47,15.8,0.31,170,17.9,1.06,NA,NA,1040,22.27
"19","ETC05","u12s","u12s",2024-02-16,151,45.5,NA,2013-05-16,"25_26",0.361093369595352,"Feb 2024",10.75,12.9,0.22,187,17.5,0.94,NA,NA,974,21.22
"20","ETC05","u12s",NA,2024-08-29,155,51.4,17,2013-05-16,"25_26",0.661861750621182,"August 2024",11.29,14.2,0.24,174,17.3,0.99,NA,NA,1074,20.54
"21","ETC05","u14's","u14's",2026-01-05,163.1,58,NA,2013-05-16,"25_26",1.22289542408878,"Jan 2026",12.64,NA,NA,NA,NA,NA,NA,NA,NA,NA
"22","ETC05","u14s","u14s",2025-09-08,161.4,58.5,17.5,2013-05-16,"25_26",1.1211477130472,"September 2025",12.32,15,0.25,172,14.5,0.84,4.13675213675214,3.41880341880342,NA,NA
"23","ETC06","DS","u12s",2023-11-03,151,35.2,NA,2012-03-19,"24_25",0.719061143246025,"Autumn 2023",11.63,24.1,0.38,152,24.7,1.64,NA,NA,1008,27.63
"24","ETC06","DS","u12s",2024-04-05,156.4,39,16.5,2012-03-19,"24_25",1.13666654677198,"April 2024",12.05,18.5,0.36,142,20.2,1.43,NA,NA,1502,38.22
"25","ETC06","DS","u12s",2024-02-23,154,38.6,NA,2012-03-19,"24_25",0.967387201118962,"Feb 2024",11.93,21.3,0.33,178,23.5,1.31,NA,NA,1149,29.93
"26","ETC07","u13s","u12s",2023-11-03,159.6,39.2,NA,2013-06-03,"25_26",0.80902108612803,"Autumn 2023",10.42,22.8,0.48,149,14.9,1,NA,NA,1067,26.48
"27","ETC07","u14s","u14s",2025-09-08,168.8,50.5,17.5,2013-06-03,"25_26",1.42753727643839,"September 2025",12.27,28.3,0.48,187,25.1,1.34,5.76237623762376,6.21782178217822,NA,NA
"28","ETC07","u13s",NA,2024-08-29,164.95,46.1,17,2013-06-03,"25_26",1.15670590585964,"August 2024",11.24,25.5,0.42,158,17,1.07,NA,NA,1322,34.07
"29","ETC07","u13s","u12s",2024-04-05,162.6,42.6,17.5,2013-06-03,"25_26",0.992451073833788,"April 2024",10.84,19.4,0.34,155,15.3,0.98,NA,NA,1408,32.21
"30","ETC07","u13s","u12s",2024-02-16,160,41.5,NA,2013-06-03,"25_26",0.873306439767281,"Feb 2024",10.7,19.9,0.35,150,14,0.93,NA,NA,1379,33
"31","ETC07","u13s","u14s",2025-04-16,168.2,48.3,17.5,2013-06-03,"25_26",1.36731862779807,"April 2025",11.87,26.8,0.5,181,24.7,1.37,NA,NA,1644,33.27
"32","ETC08","u13s",NA,2024-08-29,157.7,46.9,16.5,2011-09-16,"24_25",1.65263398581583,"August 2024",12.95,17.3,0.26,178,22.8,1.28,NA,NA,1224,27.21
"33","ETC08","u13s","u12s",2023-11-03,156.3,41.7,NA,2011-09-16,"24_25",1.5463985511629,"Autumn 2023",12.13,17.8,0.43,175,16.8,0.96,NA,NA,912,20.91
"34","ETC08","u13s","u12s",2024-02-16,157,44.6,NA,2011-09-16,"24_25",1.62474335179848,"Feb 2024",12.42,19.6,0.35,184,18.3,0.99,NA,NA,1136,25.42
"35","ETC09","u13s","u12s",2023-11-03,149.3,32.8,NA,2011-10-09,"24_25",0.963788063775356,"Autumn 2023",12.07,18.8,0.43,135,27,1.99,NA,NA,787,25.65
"36","ETC09","u13s",NA,2024-08-29,155.55,39.8,16.5,2011-10-09,"24_25",1.42624327576615,"August 2024",12.89,20.6,0.3,139,19.1,1.37,NA,NA,990,31.13
"37","ETC09","u13s","u12s",2024-02-16,150,37.6,NA,2011-10-09,"24_25",1.08943878715948,"Feb 2024",12.36,18.8,0.35,131,15,1.14,NA,NA,906,26.34
"38","ETC09","u13s","u14s",2025-04-16,162,41.8,16.5,2011-10-09,"24_25",1.88338687607443,"April 2025",13.52,21.6,0.32,138,18.5,1.33,NA,NA,1219,27.84
"39","ETC09","u13s","u12s",2024-04-05,152.3,35,16,2011-10-09,"24_25",1.15800292230843,"April 2024",12.49,18,0.37,141,17.3,1.23,NA,NA,812,22.93
"40","ETC10","u13s","u14s",2025-04-16,162.1,48.6,16,2012-03-10,"24_25",1.7756098800296,"April 2025",13.1,21.3,0.31,224,20.2,0.9,NA,NA,1181,23.62
"41","ETC10","u13s","u12s",2024-02-16,154,47.9,NA,2012-03-10,"24_25",1.2566369648956,"Feb 2024",11.94,18.3,0.29,173,12.3,0.71,NA,NA,894,18.6
"42","ETC10","u13s",NA,2024-08-29,157.5,49.1,15,2012-03-10,"24_25",1.5103754578296,"August 2024",12.47,18.9,0.33,186,16.7,0.89,NA,NA,1025,25.18
"43","ETC101","u12s","u12s",2026-01-05,149.3,45.4,NA,2014-08-17,"25_26",-0.528057133681296,"Jan 2026",11.39,23,0.38,185,20.4,1.1,4.51541850220264,4.29515418502203,NA,NA
"44","ETC101","u12s","u12s",2026-01-05,149.3,45.4,NA,2014-08-17,"25_26",-0.528057133681296,"Jan 2026",11.39,23,0.38,185,20.4,1.1,4.38325991189427,5.15418502202643,NA,NA
"45","ETC101","u12s","u12s",2026-01-05,149.3,45.4,NA,2014-08-17,"25_26",-0.528057133681296,"Jan 2026",11.39,23,0.38,185,20.4,1.1,5.08810572687225,4.55947136563877,NA,NA
"46","ETC101","u12s","u12s",2025-09-08,146.8,42.4,17.5,2014-08-17,"25_26",-0.674376170309038,"September 2025",11.06,22.8,0.29,182,17.4,0.96,3.93867924528302,3.65566037735849,NA,NA
"47","ETC102","u12s","u12s",2025-09-08,152.4,51,NA,2014-08-05,"25_26",-0.278951373192401,"September 2025",11.09,15.4,0.34,181,13.6,0.75,3.72549019607843,3.50980392156863,NA,NA
"48","ETC102","u12s","u12s",2026-01-05,153.6,51.6,NA,2014-08-05,"25_26",-0.226834374573922,"Jan 2026",11.42,13.3,0.2,167,11.3,0.68,3.87596899224806,3.95348837209302,NA,NA
"49","ETC103","u12s","u12s",2025-09-08,167.7,79.5,15,2013-09-29,"25_26",1.46036227881892,"September 2025",11.94,21.1,0.28,216,17.9,0.83,2.56603773584906,2.71698113207547,NA,NA
"50","ETC103","u12s","u12s",2026-01-05,168.5,73.2,NA,2013-09-29,"25_26",1.43625048626779,"Jan 2026",12.27,NA,NA,NA,NA,NA,NA,NA,NA,NA
"51","ETC104","u12s","u12s",2026-01-05,143,30.6,NA,2015-02-24,"25_26",-1.09321549539394,"Jan 2026",10.86,18.1,0.29,155,15.3,0.99,4.6078431372549,4.93464052287582,NA,NA
"52","ETC104","u12s","u12s",2026-01-05,143,30.6,NA,2015-02-24,"25_26",-1.09321549539394,"Jan 2026",10.86,18.2,0.32,155,15.3,0.99,4.6078431372549,4.93464052287582,NA,NA
"53","ETC104","u12s","u12s",2026-01-05,143,30.6,NA,2015-02-24,"25_26",-1.09321549539394,"Jan 2026",10.86,18.1,0.29,155,15.3,0.99,5.13071895424837,5.32679738562091,NA,NA
"54","ETC104","u12s","u12s",2026-01-05,143,30.6,NA,2015-02-24,"25_26",-1.09321549539394,"Jan 2026",10.86,18.1,0.29,155,15.3,0.99,5.19607843137255,5.22875816993464,NA,NA
"55","ETC104","u12s","u12s",2026-01-05,143,30.6,NA,2015-02-24,"25_26",-1.09321549539394,"Jan 2026",10.86,18.2,0.32,155,15.3,0.99,5.13071895424837,5.32679738562091,NA,NA
"56","ETC104","u12s","u12s",2026-01-05,143,30.6,NA,2015-02-24,"25_26",-1.09321549539394,"Jan 2026",10.86,18.2,0.32,155,15.3,0.99,5.19607843137255,5.22875816993464,NA,NA
"57","ETC104","u12s","u12s",2025-09-08,141.4,29.5,16,2015-02-24,"25_26",-1.24636315026874,"September 2025",10.54,19.3,0.33,147,17.8,1.21,4.91525423728814,4.91525423728814,NA,NA
"58","ETC105","u12s","u12s",2025-09-08,155.4,63.7,14.5,2013-11-27,"25_26",0.432695418873542,"September 2025",11.78,16.1,0.3,168,11.5,0.69,3.861852433281,4.78806907378336,NA,NA
"59","ETC105","u12s","u12s",2026-01-05,156.2,69,NA,2013-11-27,"25_26",0.529223960826981,"Jan 2026",12.11,14,0.23,183,10.4,0.57,4.71014492753623,4.57971014492754,NA,NA
"60","ETC106","u12s","u12s",2026-01-05,156.6,44.6,NA,NA,NA,NA,"Jan 2026",NA,19.1,0.26,211,15.7,0.75,5.51569506726457,6.14349775784753,NA,NA
"61","ETC107","u12s","u12s",2025-09-08,164.8,48.1,NA,2014-09-23,"25_26",0.36972358224546,"September 2025",10.96,20.5,0.26,195,17.9,0.92,3.49272349272349,3.45114345114345,NA,NA
"62","ETC107","u12s","u12s",2026-01-05,165.7,49.2,NA,2014-09-23,"25_26",0.462125838344814,"Jan 2026",11.28,17.6,0.3,192,18.9,0.99,4.61382113821138,5.20325203252033,NA,NA
"63","ETC11","u13s",NA,2024-08-28,164,57.3,15,2012-09-08,"25_26",1.75166435355209,"August 2024",11.97,20.7,0.27,150,13.3,0.89,NA,NA,NA,NA
"64","ETC11","u13s","u12s",2023-11-03,159.1,49.4,NA,2012-09-08,"25_26",1.38240658837526,"Autumn 2023",11.15,19,0.3,157,16.4,1.05,NA,NA,1056,20.86
"65","ETC11","u13s","u12s",2024-04-04,161.7,51.8,14,2012-09-08,"25_26",1.7160041420103,"April 2024",11.57,20.6,0.34,163,18.3,1.12,NA,NA,1309,25.67
"66","ETC11","u14's","u14's",2026-01-05,172,60.6,NA,2012-09-08,"25_26",2.30503716108236,"Jan 2026",13.33,20.5,0.29,153,21.3,1.4,4.6039603960396,5.94059405940594,NA,NA
"67","ETC11","u14s","u14s",2025-09-08,169.9,59.8,17.5,2012-09-08,"25_26",2.16388380767366,"September 2025",13,21.2,0.38,163,22.5,1.38,5.03344481605351,5.50167224080268,NA,NA
"68","ETC110","u12s","u12s",2026-01-05,147.2,39.2,NA,2014-02-09,"25_26",-0.362707101411719,"Jan 2026",11.9,NA,NA,NA,NA,NA,NA,NA,NA,NA
"69","ETC110","u12s","u12s",2025-09-08,146.2,39.5,NA,2014-02-09,"25_26",-0.46098238744676,"September 2025",11.58,16.2,0.31,161,15.5,0.96,4.22784810126582,4.53164556962025,NA,NA
"70","ETC111","u14s","u14s",2025-09-08,161.4,55.7,16,2013-11-05,"25_26",0.801832437578891,"September 2025",11.84,21.5,0.47,185,18.6,1,3.6983842010772,5.04488330341113,NA,NA
"71","ETC112","u14's","u14's",2026-01-05,155.2,47,NA,2013-06-03,"25_26",0.481209640304664,"Jan 2026",12.59,20.2,0.24,167,17.1,1.03,5.12765957446809,4.80851063829787,NA,NA
"72","ETC112","u14s","u14s",2025-09-08,153.5,45.8,19.5,2013-06-03,"25_26",0.323777904884369,"September 2025",12.27,22.7,0.32,180,21.7,1.21,4.75982532751092,5.10917030567686,NA,NA
"73","ETC113","u14's","u14's",2026-01-05,162,59,NA,NA,"25_26",NA,"Jan 2026",NA,23.4,0.35,188,21.8,1.17,5.86440677966102,5.79661016949153,NA,NA
"74","ETC113","u14s","u14s",2025-09-08,161.7,63.1,16.5,NA,"25_26",NA,"September 2025",NA,20.2,0.33,191,20.9,1.09,4.9445324881141,4.0729001584786,NA,NA
"75","ETC115","u14s","u14s",2025-09-08,163.9,51.7,15,2012-10-02,"25_26",1.54910737476552,"September 2025",12.93,20.3,0.31,208,20.3,0.97,3.52030947775629,3.90715667311412,NA,NA
"76","ETC116","u16s","u16s",2026-01-05,168,50.8,NA,2011-04-20,"25_26",2.64590536520582,"Jan 2026",14.71,21.2,0.47,166,15,0.91,6.14173228346457,6.55511811023622,NA,NA
"77","ETC117","u16s","u16s",2025-09-09,178.1,83.7,14.5,NA,"25_26",NA,"September 2025",NA,24.1,0.36,210,24,1.15,4.10991636798088,4.14575866188769,NA,NA
"78","ETC118","u16s","u16s",2025-09-09,162.4,58.8,19,2009-12-27,"25_26",3.14838508647069,"September 2025",15.7,22.2,0.47,173,26,1.51,NA,NA,NA,NA
"79","ETC119","u16s","u16s",2025-09-09,158.2,50.4,19,2010-09-23,"25_26",2.29329579921622,"September 2025",14.96,23.7,0.36,168,20.4,1.22,NA,NA,NA,NA
"80","ETC119","u16s","u16s",2026-01-05,159.9,51.2,NA,2010-09-23,"25_26",2.37842251786469,"Jan 2026",15.28,21.8,0.34,172,23.8,1.38,5.15625,5.9375,NA,NA
"81","ETC12","DS","u12s",2024-02-16,122,25.9,NA,2012-12-08,"24_25",-1.01704499319184,"Feb 2024",11.19,13,0.34,241,14.1,0.59,NA,NA,731,28.13
"82","ETC120","u16s","u16s",2026-01-05,167.8,66,NA,2010-03-09,"25_26",3.50277179339462,"Jan 2026",15.83,22,0.46,187,14.9,0.79,5.1969696969697,5.16666666666667,NA,NA
"83","ETC120","u16s","u16s",2025-09-09,167,65.5,15.5,2010-03-09,"25_26",3.44796687750823,"September 2025",15.5,23.7,0.39,209,21.6,1.03,4.3969465648855,4.41221374045802,NA,NA
"84","ETC13","DS","u12s",2024-02-16,150,43.3,NA,2012-05-18,"24_25",0.817246483737166,"Feb 2024",11.75,18,0.38,218,18.3,0.84,NA,NA,1082,24.99
"85","ETC13","DS","u12s",2023-11-03,150.4,40.4,NA,2012-05-18,"24_25",0.725045757047851,"Autumn 2023",11.46,19.4,0.34,185,18.7,1.01,NA,NA,988,23.7
"86","ETC14","u12s","u12s",2024-04-05,153.1,38.2,15.5,2013-05-29,"24_25",0.389844735965636,"April 2024",10.85,13.8,0.28,179,14.2,0.8,NA,NA,920,23.64
"87","ETC14","u12s","u12s",2023-11-03,148.5,34.6,NA,2013-05-29,"24_25",0.113709436537613,"Autumn 2023",10.43,17.8,0.31,174,16.3,0.93,NA,NA,797,22.44
"88","ETC14","u12s",NA,2024-08-28,156.4,42.8,14.5,2013-05-29,"24_25",0.620396256173712,"August 2024",11.25,16.7,0.28,165,13.7,0.82,NA,NA,1000,28.41
"89","ETC14","u12s","u12s",2024-02-16,151,37.6,NA,2013-05-29,"24_25",0.328314869675399,"Feb 2024",10.72,14.6,0.32,175,17.3,0.99,NA,NA,751,19.86
"90","ETC14","u12s","u12s",2025-04-15,161.9,46.6,16,2013-05-29,"24_25",NA,"April 2025",11.88,18.6,0.36,165,16.6,1.01,NA,NA,1370,28.02
"91","ETC15","u14s","u14s",2025-09-08,153.9,41.7,17,2012-10-02,"25_26",0.782907731733486,"September 2025",12.93,18.4,0.28,130,24.5,1.89,5.2757793764988,5.58752997601918,NA,NA
"92","ETC15","u13s","u12s",2023-11-03,143,29.9,NA,2012-10-02,"25_26",0.00126111234556076,"Autumn 2023",11.09,16.4,0.29,126,17.7,1.41,NA,NA,717,22.77
"93","ETC15","u13s","u14s",2025-04-16,153,38.3,18.5,2012-10-02,"25_26",0.68244620213316,"April 2025",12.54,19.3,0.26,122,21.9,1.8,NA,NA,1059,26.53
"94","ETC15","u13s","u12s",2024-04-04,145.4,33.4,16,2012-10-02,"25_26",0.15818024964759,"April 2024",11.51,16.9,0.25,129,21.4,1.66,NA,NA,907,25.83
"95","ETC15","u13s",NA,2024-08-29,149.1,36.5,17.5,2012-10-02,"25_26",0.489378256117763,"August 2024",11.91,17.8,0.24,130,23.8,1.83,NA,NA,965,30.25
"96","ETC15","u13s","u12s",2024-02-16,145,33.3,NA,2012-10-02,"25_26",0.173607068455709,"Feb 2024",11.37,16.9,0.32,124,19.6,1.57,NA,NA,924,27.51
"97","ETC16","u12s","u12s",2023-11-03,136.4,32.6,NA,2013-04-23,"25_26",-0.902005612318923,"Autumn 2023",10.53,20.7,0.28,139,21.9,1.58,NA,NA,774,23.33
"98","ETC16","u12s",NA,2024-08-28,143.8,38.4,15.5,2013-04-23,"25_26",-0.282736369905555,"August 2024",11.35,18.7,0.23,173,23.7,1.37,NA,NA,1279,41.01
"99","ETC16","u12s","u12s",2025-04-15,146.6,41.5,17,2013-04-23,"25_26",NA,"April 2025",11.98,22.3,0.28,170,22.4,1.32,NA,NA,1257,26.92
"100","ETC16","u12s","u12s",2024-04-05,139.4,35.2,NA,2013-04-23,"25_26",-0.552422879335797,"April 2024",10.95,22.1,0.22,188,23.9,1.27,NA,NA,1018,28.67
"101","ETC16","u12s","u12s",2024-02-23,138,34.6,NA,2013-04-23,"25_26",-0.681582676758922,"Feb 2024",10.84,21.9,0.25,164,23.1,1.41,NA,NA,915,26.15
"102","ETC16","u14's","u14's",2026-01-05,152,46.6,NA,2013-04-23,"25_26",0.267837610204258,"Jan 2026",12.7,20.7,0.23,184,23.6,1.28,5.40772532188841,6.20171673819742,NA,NA
"103","ETC17","u12s","u12s",2025-04-15,148.9,41.4,17.5,2013-03-28,"25_26",0.215371688985565,"April 2025",12.05,16.5,0.3,179,13.7,0.76,NA,NA,1236,28.67
"104","ETC17","u12s","u12s",2024-02-16,143,36.5,NA,2013-03-28,"25_26",-0.196040654436324,"Feb 2024",10.89,16.3,0.31,183,15.7,0.86,NA,NA,934,25.45
"105","ETC17","u12s",NA,2024-08-28,146.5,41.4,14.5,2013-03-28,"25_26",0.0491390339935163,"August 2024",11.42,14.8,0.22,183,13,0.71,NA,NA,1127,26.91
"106","ETC17","u14's","u14's",2026-01-05,152.7,46.8,NA,2013-03-28,"25_26",0.518043540863236,"Jan 2026",12.78,17.1,0.23,179,13,0.72,5.72649572649573,5.53418803418803,NA,NA
"107","ETC18","u12s","u12s",2023-11-03,156,49,NA,2011-11-18,"25_26",1.47529315400605,"Autumn 2023",11.96,15.2,0.21,192,15.1,0.78,NA,NA,1210,23.96
"108","ETC18","u12s","u12s",2024-02-16,158,51,NA,2011-11-18,"25_26",1.6672951709164,"Feb 2024",12.25,19.1,0.29,242,16.3,0.68,NA,NA,1272,24.8
"109","ETC18","u12s","u12s",2024-04-04,159.5,51.8,NA,2011-11-18,"25_26",1.73931890569594,"April 2024",12.38,17.7,0.29,216,15.5,0.72,NA,NA,1724,33.28
"110","ETC18","u12s",NA,2024-08-28,160.4,54.1,14,2011-11-18,"25_26",1.8599770126657,"August 2024",12.78,17.6,0.27,180,11.8,0.66,NA,NA,1490,32.18
"111","ETC18","u14s","u14s",2025-09-08,166,57.6,15.5,2011-11-18,"25_26",2.29168041946568,"September 2025",13.81,17.6,0.3,199,14.1,0.71,4.6875,5.05208333333333,NA,NA
"112","ETC19","u13s","u12s",2023-11-03,166.7,49.6,NA,2011-11-18,"25_26",2.17107152633757,"Autumn 2023",11.96,21.9,0.41,147,16.8,1.15,NA,NA,1107,21.66
"113","ETC19","u14's","u14's",2026-01-05,171.8,61.8,NA,2011-11-18,"25_26",2.63687364727975,"Jan 2026",14.13,24,0.4,159,23.4,1.47,4.88673139158576,4.72491909385113,NA,NA
"114","ETC19","u13s","u14s",2025-04-16,171.1,61.1,17.5,2011-11-18,"25_26",2.60644308623382,"April 2025",13.41,24.4,0.41,183,26.3,1.43,NA,NA,1808,28.65
"115","ETC19","u13s","u12s",2024-04-05,168,52.6,16.5,2011-11-18,"25_26",2.2814138015241,"April 2024",12.38,20.4,0.42,186,23.5,1.27,NA,NA,1468,27.69
"116","ETC19","u13s",NA,2024-08-28,169.1,58.2,17,2011-11-18,"25_26",2.42001971853116,"August 2024",12.78,20.6,0.34,189,21.5,1.14,NA,NA,1647,27.41
"117","ETC19","u14s","u14s",2025-09-08,171,64.4,16,2011-11-18,"25_26",2.65928522362673,"September 2025",13.81,21.6,0.37,166,22.6,1.36,3.55590062111801,4.17701863354037,NA,NA
"118","ETC19","u13s","u12s",2024-02-16,167,53.3,NA,2011-11-18,"25_26",2.2146036264933,"Feb 2024",12.25,22,0.45,188,23.4,1.25,NA,NA,1368,25.38
"119","ETC20","DS","u12s",2024-04-04,152.6,49.8,14,2013-05-03,"24_25",0.340223550446149,"April 2024",10.92,16.8,0.29,186,12.8,0.68,NA,NA,1386,27.67
"120","ETC20","DS","u12s",2024-02-16,150,48.3,NA,2013-05-03,"24_25",0.333983429158108,"Feb 2024",10.79,15.4,0.31,NA,NA,NA,NA,NA,1354,27.98
"121","ETC21","u13s","u12s",2023-11-03,155.5,40.1,NA,2011-10-29,"24_25",1.37164670416577,"Autumn 2023",12.01,17.8,0.27,202,15.4,0.76,NA,NA,923,21.93
"122","ETC21","u13s","u12s",2024-04-05,159.5,46.2,15.5,2011-10-29,"24_25",1.6957621443544,"April 2024",12.43,25.2,0.48,171,18.6,1.09,NA,NA,1124,23.97
"123","ETC22","DS","u12s",2024-04-04,159.1,36.8,14,2011-11-02,"24_25",1.51914565082722,"April 2024",12.42,15.9,0.3,198,18.6,0.94,NA,NA,1121,30.13
"124","ETC22","DS","u12s",2023-11-03,154.9,34.1,NA,2011-11-02,"24_25",1.22348832167545,"Autumn 2023",12,15.2,0.42,166,13.5,0.81,NA,NA,1121,31.5
"125","ETC22","DS","u12s",2024-02-16,156,36.2,NA,2011-11-02,"24_25",1.36352374362344,"Feb 2024",12.29,17.9,0.29,189,14.4,0.76,NA,NA,991,27.16
"126","ETC23","u13s","u12s",2024-02-16,150,43.7,NA,2012-05-16,"24_25",0.79071413555099,"Feb 2024",11.75,14.6,0.27,184,22,1.14,NA,NA,1111,25.13
"127","ETC24","u13s","u12s",2024-02-16,150,37.2,NA,2011-09-22,"24_25",1.04799434102669,"Feb 2024",12.4,18.5,0.47,191,20.6,1.08,NA,NA,895,23.73
"128","ETC24","u13s",NA,2024-08-29,154.4,43.2,16.5,2011-09-22,"24_25",1.44305753183455,"August 2024",12.93,19.9,0.34,187,19.9,1.07,NA,NA,964,26.41
"129","ETC24","u13s","u14s",2025-04-15,158.6,40.3,17.5,2011-09-22,"24_25",1.68773260385526,"April 2025",13.56,23.5,0.4,169,21.9,1.3,NA,NA,NA,NA
"130","ETC24","u13s","u12s",2024-04-05,152,38.6,16.5,2011-09-22,"24_25",1.18187190068464,"April 2024",12.54,15.8,0.36,180,18.1,1,NA,NA,897,23.05
"131","ETC25","u12s","u12s",2026-01-05,155,39.6,NA,2013-02-10,"25_26",0.614741770740677,"Jan 2026",12.9,19.5,0.42,171,21.5,1.26,6.54040404040404,7.37373737373737,NA,NA
"132","ETC25","u12s","u12s",2025-04-15,149,34.8,14,2013-02-10,"25_26",0.171481724003096,"April 2025",12.18,20.3,0.47,167,19.1,1.14,NA,NA,1146,33.4
"133","ETC25","u12s","u12s",2025-09-08,152.4,39.8,NA,2013-02-10,"25_26",0.498808998695164,"September 2025",12.58,20.2,0.37,154,17.4,1.13,3.84422110552764,4.59798994974874,NA,NA
"134","ETC26","u12s","u12s",2025-09-08,154,55.7,NA,2014-01-23,"25_26",0.244884699538937,"September 2025",11.62,13.3,0.22,196,11.6,0.59,3.28545780969479,3.39317773788151,NA,NA
"135","ETC26","u12s","u12s",2025-04-15,152,49.4,14,2014-01-23,"25_26",NA,"April 2025",11.22,13.9,0.21,196,10.2,0.52,NA,NA,1170,22.07
"136","ETC26","u12s","u12s",2026-01-05,157.7,59.4,NA,2014-01-23,"25_26",0.492033266397585,"Jan 2026",11.95,10.8,0.18,185,11.9,0.64,2.65993265993266,2.94612794612795,NA,NA
"137","ETC26","u12s",NA,2024-08-28,147.1,46.7,13,2014-01-23,"25_26",-0.330177028211474,"August 2024",10.6,14.6,0.22,193,10.9,0.57,NA,NA,1029,21.98
"138","ETC27","u12s",NA,2024-08-28,156.3,40.4,16,2013-12-28,"25_26",0.388591164801203,"August 2024",10.67,22,0.27,206,18.9,0.92,NA,NA,1058,32.67
"139","ETC27","u12s","u12s",2025-09-08,163.4,48.2,16.5,2013-12-28,"25_26",0.823510054197683,"September 2025",11.7,26.8,0.5,184,14.5,0.79,4.77178423236515,4.41908713692946,NA,NA
"140","ETC27","u12s","u12s",2025-04-15,161.9,44.3,18,2013-12-28,"25_26",0.701617022396592,"April 2025",11.3,27.6,0.43,181,19.6,1.08,NA,NA,1316,28.3
"141","ETC27","u12s","u12s",2026-01-05,165.3,50,NA,2013-12-28,"25_26",0.942073108011158,"Jan 2026",12.02,26.1,0.49,212,21.1,0.99,5.78,5.56,NA,NA
"142","ETC28","u12s",NA,2024-08-28,134,32.6,15,2014-02-25,"25_26",-1.20869590672168,"August 2024",10.51,17.7,0.27,171,18.7,1.1,NA,NA,921,27.92
"143","ETC28","u12s","u12s",2025-04-15,140.2,34.1,15,2014-02-25,"25_26",-0.863011025569519,"April 2025",11.13,17.3,0.29,173,18.5,1.07,NA,NA,1055,31.23
"144","ETC28","u12s","u12s",2026-01-05,145.8,39.2,NA,2014-02-25,"25_26",-0.514669547134434,"Jan 2026",11.86,16.6,0.24,148,16.7,1.13,4.28571428571429,3.95408163265306,NA,NA
"145","ETC28","u12s","u12s",2026-01-05,145.8,39.2,NA,2014-02-25,"25_26",-0.514669547134434,"Jan 2026",11.86,16.6,0.24,148,16.7,1.13,4.23469387755102,4.46428571428571,NA,NA
"146","ETC28","u12s","u12s",2026-01-05,145.8,39.2,NA,2014-02-25,"25_26",-0.514669547134434,"Jan 2026",11.86,16.6,0.24,148,16.7,1.13,3.6734693877551,4.61734693877551,NA,NA
"147","ETC28","u12s","u12s",2025-09-08,143.1,37.2,NA,2014-02-25,"25_26",-0.690941594815591,"September 2025",11.53,18.5,0.24,150,16.8,1.12,4.05913978494624,4.75806451612903,NA,NA
"148","ETC31","u13s","u14s",2025-04-16,150.3,37.9,16.5,NA,NA,NA,"April 2025",NA,22,0.39,133,17.8,1.34,NA,NA,1182,29.92
"149","ETC31","u13s",NA,2024-08-29,144.45,36.4,16,NA,NA,NA,"August 2024",NA,20,0.38,135,18.4,1.37,NA,NA,1158,31.72
"150","ETC32","u14s","u14s",2025-04-16,162,50.8,17.5,NA,NA,NA,"April 2025",NA,21.2,0.33,195,18.2,0.94,NA,NA,1621,30.71
"151","ETC33","u12s","u12s",2026-01-05,158.4,45.2,NA,2013-12-17,"25_26",0.40708056606496,"Jan 2026",12.05,17.4,0.29,183,15.6,0.85,4.0929203539823,4.07079646017699,NA,NA
"152","ETC33","u12s","u12s",2025-09-08,155.4,42,16,2013-12-17,"25_26",0.172474731812504,"September 2025",11.73,16,0.24,195,15.9,0.81,3.73809523809524,3.71428571428571,NA,NA
"153","ETC33","u12s",NA,2024-08-29,147.5,35,14.5,2013-12-17,"25_26",-0.381733640388358,"August 2024",10.7,16.2,0.27,194,16.5,0.85,NA,NA,707,21.96
"154","ETC36","u14's","u14's",2026-01-05,159.3,49.4,NA,2013-03-28,"25_26",0.885924351441597,"Jan 2026",12.78,25.2,0.48,191,23,1.2,6.31578947368421,5.64777327935223,NA,NA
"155","ETC36","u14's","u14's",2026-01-05,159.3,49.4,NA,2013-03-28,"25_26",0.885924351441597,"Jan 2026",12.78,25.2,0.48,191,23,1.2,6.72064777327935,5.95141700404858,NA,NA
"156","ETC36","u14s","u14s",2025-09-08,157.6,47.2,17,2013-03-28,"25_26",0.744551226833967,"September 2025",12.45,23.2,0.57,171,19.6,1.14,6.03813559322034,6.61016949152542,NA,NA
"157","ETC36","u12s",NA,2024-08-28,151.5,43.6,16,2013-03-28,"25_26",0.351537526542819,"August 2024",11.42,23,0.44,208,24,1.16,NA,NA,1170,26.91
"158","ETC36","u12s","u12s",2025-04-15,155.9,44.8,16.5,2013-03-28,"25_26",0.607692898344703,"April 2025",12.05,22.3,0.57,163,22.7,1.39,NA,NA,1410,29.14
"159","ETC39","u12s","u12s",2025-04-15,146.8,38.6,15.5,2014-07-08,"25_26",-0.68963476798077,"April 2025",10.77,22,0.37,196,18.8,0.96,NA,NA,885,20.77
"160","ETC39","u12s","u12s",2026-01-05,151.5,46.4,NA,2014-07-08,"25_26",-0.293565391277101,"Jan 2026",11.5,17.2,0.29,181,13.2,0.73,3.87931034482759,4.7198275862069,NA,NA
"161","ETC39","u12s","u12s",2025-09-08,149.5,42.9,NA,2014-07-08,"25_26",-0.386837168230938,"September 2025",11.17,18.3,0.34,188,19,1.01,3.00699300699301,3.4965034965035,NA,NA
"162","ETC39","u12s",NA,2024-08-28,143.5,36.8,15,2014-07-08,"25_26",-0.862971427867464,"August 2024",10.14,16.6,0.27,174,15,0.86,NA,NA,751,24.86
"163","ETC41","u14s","u14s",2025-09-08,157.3,41,18.5,NA,"25_26",NA,"September 2025",NA,26.9,0.43,182,20.3,1.12,5.65853658536585,6.04878048780488,NA,NA
"164","ETC41","u14's","u14's",2026-01-05,160.6,43.2,NA,NA,"25_26",NA,"Jan 2026",NA,27.7,0.38,204,22,1.08,5.90277777777778,5.90277777777778,NA,NA
"165","ETC41","u12s",NA,2024-08-28,149.7,35.8,17,NA,"25_26",NA,"August 2024",NA,27.7,0.34,201,21.7,1.08,NA,NA,1175,32.64
"166","ETC41","u12s","u12s",2025-04-15,154.3,38.3,19,NA,"25_26",NA,"April 2025",NA,27.6,0.49,184,24.8,1.35,NA,NA,1484,39.26
"167","ETC42","u12s","u12s",2025-04-15,156,44.6,16.5,2013-03-16,"25_26",NA,"April 2025",12.08,24.3,0.41,169,18.2,1.08,NA,NA,1016,22.58
"168","ETC42","u14s","u14s",2025-09-08,157.4,46.1,17,2013-03-16,"25_26",0.813820795322503,"September 2025",12.48,23.5,0.42,159,16,1.01,4.92407809110629,5.01084598698482,NA,NA
"169","ETC43","u14's","u14's",2026-01-05,161.5,46.2,NA,2012-01-04,"25_26",1.70260030790781,"Jan 2026",14,20.1,0.37,207,21.2,1.02,5.06493506493506,6.14718614718615,NA,NA
"170","ETC43","u13s","u14s",2025-04-16,160,44.9,19,2012-01-04,"25_26",1.61048033277139,"April 2025",13.28,23.1,0.47,184,22.6,1.23,NA,NA,1408,29.09
"171","ETC43","u14s","u14s",2025-09-08,160.3,46.6,20.5,2012-01-04,"25_26",1.615328620827,"September 2025",13.68,22.2,0.3,175,25.5,1.46,4.59227467811159,5.32188841201717,NA,NA
"172","ETC43","u13s",NA,2024-08-29,155.55,43.1,17.5,2012-01-04,"25_26",1.2919073738975,"August 2024",12.65,15.2,0.37,204,22.2,1.09,NA,NA,1147,27.11
"173","ETC44","u13s","u14s",2025-04-15,160,44.5,18.5,NA,NA,NA,"April 2025",NA,31.4,0.44,175,26.2,1.5,NA,NA,1492,31.67
"174","ETC44","u13s",NA,2024-08-29,158.3,47.2,16,NA,NA,NA,"August 2024",NA,25,0.34,256,21.2,0.83,NA,NA,1388,27.38
"175","ETC45","u13s",NA,2024-08-28,159.6,47,16,NA,NA,NA,"August 2024",NA,20.2,0.29,208,14.3,0.69,NA,NA,1259,26.96
"176","ETC47","u13s",NA,2024-08-29,153.1,43.4,15.5,2011-12-21,"25_26",1.20964003945029,"August 2024",12.69,21.9,0.45,166,14.8,0.89,NA,NA,924,21.53
"177","ETC47","u13s","u14s",2025-04-15,157,37.9,18,2011-12-21,"25_26",NA,"April 2025",13.32,22.9,0.38,183,20.8,1.14,NA,NA,1209,25.95
"178","ETC47","u14s","u14s",2025-09-08,159.5,41.6,17,2011-12-21,"25_26",1.63609740216551,"September 2025",13.72,21.3,0.31,178,21.6,1.21,5.14423076923077,5.43269230769231,NA,NA
"179","ETC48","u14s",NA,2024-08-28,166.65,56,14,NA,NA,NA,"August 2024",NA,17.2,0.34,179,17.9,1,NA,NA,1230,22.2
"180","ETC49","u14s","u14s",2025-04-16,163.7,50.1,18,2011-07-18,"25_26",2.16635790043579,"April 2025",13.75,20.5,0.4,164,22.5,1.37,NA,NA,1629,32.12
"181","ETC49","u16s","u16s",2025-09-09,164.5,50.7,18.5,2011-07-18,"25_26",2.1855212293109,"September 2025",14.15,23.2,0.45,177,24.3,1.37,5.06903353057199,5.68047337278106,NA,NA
"182","ETC50","u16s",NA,2024-08-28,172.05,59.3,14.5,NA,NA,NA,"August 2024",NA,21.6,0.38,178,16.1,0.9,NA,NA,1518,25.76
"183","ETC51","u16s",NA,2024-08-28,160.5,55.3,15,2009-08-11,"25_26",3.1769531140269,"August 2024",15.05,22.8,0.37,154,15.8,1.03,NA,NA,1464,25.96
"184","ETC51","u16s","u16s",2025-09-09,160.6,54.8,16,2009-08-11,"25_26",3.16976928758982,"September 2025",16.08,25,0.41,176,23.7,1.35,5.21897810218978,5.51094890510949,NA,NA
"185","ETC51","u16s","u16s",2026-01-05,161.5,54.6,NA,2009-08-11,"25_26",3.21710940039666,"Jan 2026",16.4,19.6,0.34,152,19.7,1.3,6.11721611721612,6.55677655677656,NA,NA
"186","ETC52","u16s","u16s",2025-09-09,170.2,53,18.5,2010-06-22,"25_26",3.33668888855317,"September 2025",15.22,18.9,0.34,162,21.7,1.34,5.37735849056604,5.90566037735849,NA,NA
"187","ETC52","u16s","u16s",2025-04-15,170.2,51.1,18,2010-06-22,"25_26",3.3223965246999,"April 2025",14.81,16.9,0.3,178,20.3,1.14,NA,NA,1809,34.52
"188","ETC57","u16s","u16s",2025-09-09,162.8,55.6,18.5,2010-08-14,"25_26",2.67910799163403,"September 2025",15.07,25.5,0.48,148,23.2,1.56,4.64028776978417,4.56834532374101,NA,NA
"189","ETC57","u16s","u16s",2026-01-05,161.5,56.8,NA,2010-08-14,"25_26",2.57069096058464,"Jan 2026",15.39,26.2,0.49,163,21.5,1.32,4.75352112676056,4.50704225352113,NA,NA
"190","ETC57","u16s",NA,2024-08-28,160,53.8,18,2010-08-14,"25_26",2.43980482320328,"August 2024",14.04,23.7,0.35,172,15.4,0.9,NA,NA,1247,20.57
"191","ETC58","u16s","u16s",2026-01-05,163.5,54.2,NA,2010-04-15,"25_26",2.95812264931871,"Jan 2026",15.73,23.4,0.37,162,28.2,1.74,5.18450184501845,5.09225092250922,NA,NA
"192","ETC58","u16s","u16s",2025-09-09,162.9,56.1,18,2010-04-15,"25_26",2.9497025688082,"September 2025",15.4,23.8,0.43,150,24.7,1.65,5.49019607843137,5.16934046345811,NA,NA
"193","ETC58","u16s",NA,2024-08-29,161.9,52.9,17,2010-04-15,"25_26",2.85206760087895,"August 2024",14.37,18.1,0.25,152,24,1.58,NA,NA,1245,23.8
"194","ETC58","u16s","u16s",2025-04-16,162.7,53.2,18,2010-04-15,"25_26",2.88394081945335,"April 2025",15,22.4,0.32,147,20.2,1.37,NA,NA,1413,25.64
"195","ETC59","u12s","u12s",2026-01-05,149.3,44.2,NA,2013-10-21,"25_26",0.00761641645962197,"Jan 2026",12.21,19.7,0.37,182,19,1.04,4.29864253393665,5.29411764705882,NA,NA
"196","ETC59","u12s","u12s",2025-04-15,144.5,40.7,15.5,2013-10-21,"25_26",-0.436741405980987,"April 2025",11.48,18,0.22,192,19,0.99,NA,NA,873,20.5
"197","ETC59","u12s","u12s",2025-09-08,146.3,45.2,16,2013-10-21,"25_26",-0.186981828045959,"September 2025",11.88,19.3,0.26,183,15.4,0.84,3.56194690265487,2.94247787610619,NA,NA
"198","ETC60","u12s","u12s",2025-04-15,155.5,42.2,13,2013-05-16,"25_26",NA,"April 2025",11.92,21.5,0.35,180,17.8,0.98,NA,NA,1190,27.68
"199","ETC60","u14s","u14s",2025-09-08,160,46.5,14.5,2013-05-16,"25_26",1.00777816966119,"September 2025",12.32,21.5,0.27,172,18.3,1.07,4.38709677419355,5.05376344086022,NA,NA
"200","ETC61","u14's","u14's",2026-01-05,158.1,50.2,NA,2013-03-16,"25_26",0.838887287953992,"Jan 2026",12.81,15.7,0.2,162,20.7,1.28,4.68127490039841,6.01593625498008,NA,NA
"201","ETC61","u14s","u14s",2025-09-08,156.8,52.2,17,2013-03-16,"25_26",0.773131146400161,"September 2025",12.48,21.5,0.31,172,22.7,1.32,3.79310344827586,5.09578544061303,NA,NA
"202","ETC86","u16s","u16s",2026-01-05,164,58.4,NA,NA,NA,NA,"Jan 2026",NA,NA,NA,NA,NA,NA,NA,NA,NA,NA
"203","RTC02","DS","u16s",2024-02-14,159,70.4,15,2007-11-20,"24_25",4.30582371448865,"Feb 2024",16.23,23.3,0.46,167,26.2,1.58,NA,NA,1657,23.54
"204","RTC21","DS","u16s",2023-09-09,156.4,48.8,19.5,2007-11-15,"24_25",3.74903900482841,"Autumn 2023",15.82,28.1,0.37,131,22.6,1.72,NA,NA,1199,21.76
"205","RTC23","DS","u16s",2023-09-09,170.4,60.3,16.5,2008-08-01,"24_25",4.62490360129344,"Autumn 2023",15.11,22,0.31,163,22.6,1.39,NA,NA,1496,22.81
"206","RTC23","DS","u16s",2024-02-21,170,62.4,16.5,2008-08-01,"24_25",4.62700618393969,"Feb 2024",15.56,23.3,0.26,181,21.4,1.19,NA,NA,1605,25.72
"207","RTC25","DS","u16s",2024-04-05,174.6,64.8,16,2007-10-05,"24_25",5.5636637771018,"April 2024",16.5,25.8,0.39,180,32.2,1.79,NA,NA,1874,28.57
"208","RTC25","DS","u16s",2023-09-09,173.5,65.5,17,2007-10-05,"24_25",5.4749806944595,"Autumn 2023",15.93,26,0.42,150,25.6,1.71,NA,NA,1991,27.5
"209","RTC26","DS","u16s",2023-09-09,168,67.8,18.5,2008-04-03,"24_25",4.76708008643688,"Autumn 2023",15.43,25.4,0.35,NA,NA,NA,NA,NA,1369,19.18
"210","RTC29","DS","u16s",2023-09-09,171.6,62.9,17,2008-07-10,"24_25",4.78922173997997,"Autumn 2023",15.17,24.5,0.39,164,23.6,1.44,NA,NA,1636,24.12
"211","RTC29","DS","u16s",2024-02-14,172,66.2,15.5,2008-07-10,"24_25",4.88025797480986,"Feb 2024",15.6,26,0.44,159,22.3,1.4,NA,NA,1956,29.46
"212","RTC30","DS","u16s",2023-09-09,164.5,58.2,16.5,2008-01-27,"24_25",4.44154919018809,"Autumn 2023",15.62,19.2,0.25,142,20.2,1.43,NA,NA,1534,23.27
"213","RTC30","DS","u16s",2023-09-09,164.5,58.2,16.5,2008-01-27,"24_25",4.44154919018809,"Autumn 2023",15.62,23.8,0.33,142,20.2,1.43,NA,NA,1534,23.27
"214","RTC30","DS","u16s",2023-09-09,164.5,58.2,16.5,2008-01-27,"24_25",4.44154919018809,"Autumn 2023",15.62,25.4,0.38,142,20.2,1.43,NA,NA,1534,23.27
"215","RTC30","DS","u16s",2023-09-09,164.5,58.2,16.5,2008-01-27,"24_25",4.44154919018809,"Autumn 2023",15.62,24.4,0.35,142,20.2,1.43,NA,NA,1534,23.27
"216","RTC30","DS","u16s",2024-02-21,164,60.1,16,2008-01-27,"24_25",4.43274789847348,"Feb 2024",16.07,24.1,0.35,147,19.7,1.34,NA,NA,NA,NA
"217","RTC31","DS","u16s",2024-02-20,167,65.4,NA,2008-05-30,"24_25",4.5436974937563,"Feb 2024",15.73,18.3,0.2,168,17.6,1.05,NA,NA,NA,NA
"218","RTC31","DS","u16s",2023-09-09,162.2,63.5,18,2008-05-30,"24_25",4.14214870854806,"Autumn 2023",15.28,16.6,0.18,179,18.2,1.01,NA,NA,1914,27.22
"219","RTC31","DS","u16s",2024-04-09,168.6,64.4,18.5,2008-05-30,"24_25",4.65025694655471,"April 2024",15.86,20,0.26,188,22.1,1.18,NA,NA,2334,36.13
"220","RTC32","DS","u16s",2024-02-20,167,64.3,NA,2008-05-30,"24_25",4.52539118616561,"Feb 2024",15.73,21.6,0.3,196,18.9,0.96,NA,NA,NA,NA
"221","RTC32","DS","u16s",2024-04-09,167.8,62.6,17,2008-05-30,"24_25",4.56012494694121,"April 2024",15.86,20.8,0.29,192,17.8,0.93,NA,NA,2745,43.51
"222","RTC32","DS","u16s",2023-09-09,167.1,61.8,17.5,2008-05-30,"24_25",4.49203153427964,"Autumn 2023",15.28,20.4,0.27,187,21,1.12,NA,NA,1748,25.19
"223","RTC33","DS","u16s",2023-09-18,NA,NA,NA,2007-09-24,"24_25",NA,"Autumn 2023",15.98,18.2,0.32,146,22.3,1.52,NA,NA,NA,NA
"224","RTC41","u16s","u16s",2024-02-14,169,65.2,17,2008-12-31,"24_25",4.33152911565605,"Feb 2024",15.12,23.3,0.34,171,22.4,1.31,NA,NA,1811,27.32
"225","RTC41","u16s","u16s",2024-04-05,169.5,67.6,15.5,2008-12-31,"24_25",4.41052558215659,"April 2024",15.26,23.1,0.34,196,22.7,1.16,NA,NA,1628,23.87
"226","RTC42","u16s","u16s",2023-09-09,158.2,47.7,NA,NA,NA,NA,"Autumn 2023",NA,22.8,0.34,148,18.6,1.26,NA,NA,1115,20.35
"227","RTC44","DS","u16s",2023-09-09,161.3,55.1,18,2009-01-16,"24_25",3.56192129379472,"Autumn 2023",14.65,22.7,0.31,NA,NA,NA,NA,NA,1410,22.55
"228","RTC46","u16s","u16s",2024-04-05,159.5,54.6,16.5,2009-03-27,"24_25",3.290825264118,"April 2024",15.02,25.4,0.39,185,22.3,1.21,NA,NA,1272,23.04
"229","RTC46","u16s","u16s",2023-09-09,158.5,55.5,18,2009-03-27,"24_25",3.21980741202036,"Autumn 2023",14.45,28.4,0.38,185,24.3,1.31,NA,NA,1156,18.03
"230","RTC46","u16s",NA,2024-08-29,159.5,80.6,17.5,2009-03-27,"24_25",3.69544239370273,"August 2024",15.42,28.9,0.42,188,26.1,1.39,NA,NA,1319,23.63
"231","RTC48","u16s","u16s",2025-04-16,182.6,76,15.5,2008-12-13,"24_25",5.58496606165229,"April 2025",16.34,20.7,0.2,170,21.7,1.28,NA,NA,2493,32.04
"232","RTC48","u16s",NA,2024-08-29,182.1,53.8,14.5,2008-12-13,"24_25",5.19691957988786,"August 2024",15.71,19.9,0.26,180,19.3,1.07,NA,NA,2073,25.84
"233","RTC48","u16s","u16s",2024-04-05,181.9,75.6,NA,2008-12-13,"24_25",5.52534552773207,"April 2024",15.31,20.7,0.27,189,20.7,1.09,NA,NA,2184,28.58
"234","RTC48","u16s","u16s",2024-02-21,182,76.9,16,2008-12-13,"24_25",5.55372772746147,"Feb 2024",15.19,21.2,0.3,174,18,1.04,NA,NA,2167,28.07
"235","RTC48","u16s","u16s",2023-09-11,NA,NA,16.5,2008-12-13,"24_25",NA,"Autumn 2023",14.75,22.6,0.31,NA,NA,NA,NA,NA,NA,NA
"236","RTC50","u16s","u16s",2024-04-04,166.5,52.8,17.5,2009-01-07,"24_25",3.93754124181604,"April 2024",15.24,24.2,0.35,171,20.9,1.22,NA,NA,1562,29.31
"237","RTC50","u16s",NA,2024-08-29,167.5,48.7,17,2009-01-07,"24_25",3.94650729048104,"August 2024",15.64,27.4,0.44,158,21.9,1.38,NA,NA,1532,28.64
"238","RTC50","u16s","u16s",2023-09-09,163.6,51.5,18.5,2009-01-07,"24_25",3.7035507251793,"Autumn 2023",14.67,26,0.41,153,21.3,1.39,NA,NA,1255,21.23
"239","RTC53","u16s",NA,2024-08-28,156.35,54.5,16,NA,NA,NA,"August 2024",NA,20,0.37,164,17.5,1.06,NA,NA,1107,22.74
"240","RTC54","u16s","u16s",2024-04-09,NA,57.1,NA,2008-10-28,"24_25",NA,"April 2024",15.45,22.9,0.39,166,24.4,1.47,NA,NA,1557,27.51
"241","RTC54","u16s","u16s",2024-02-21,156,56.5,16.5,2008-10-28,"24_25",3.28329344543253,"Feb 2024",15.32,21.7,0.36,165,23.9,1.45,NA,NA,1322,23.08
"242","RTC54","u16s",NA,2024-08-28,157.1,49.7,16.5,2008-10-28,"24_25",3.25140092522207,"August 2024",15.83,23.1,0.4,154,23.1,1.5,NA,NA,1514,28.83
"243","RTC55","u16s","u16s",2024-02-21,162,48.4,18,2009-04-09,"24_25",3.33976741062742,"Feb 2024",14.87,23.5,0.31,165,15.5,0.94,NA,NA,703,14.23
"244","RTC55","u16s",NA,2024-08-29,162.9,45.6,16.5,2009-04-09,"24_25",3.35500040162276,"August 2024",15.39,22.7,0.34,165,20.8,1.26,NA,NA,1276,22.66
"245","RTC55","u16s","u16s",2024-04-09,162.3,48.4,NA,2009-04-09,"24_25",3.35327603067942,"April 2024",15,23.4,0.35,161,17.3,1.07,NA,NA,1388,28.61
"246","RTC55","u16s","u16s",2023-09-09,161.4,48.1,18,2009-04-09,"24_25",3.28558143006091,"Autumn 2023",14.42,27,0.38,156,20.4,1.31,NA,NA,1211,22.1
"247","RTC58","u16s","u16s",2023-09-09,161.5,40.7,19,2009-01-09,"24_25",3.37067843436545,"Autumn 2023",14.67,21.2,0.28,150,20.3,1.35,NA,NA,1338,30.82
"248","RTC58","u16s",NA,2024-08-29,166.9,54.3,17.5,2009-01-09,"24_25",3.99006194955942,"August 2024",15.64,22.7,0.31,155,19.1,1.23,NA,NA,1268,33.03
"249","RTC58","u16s","u16s",2024-04-04,165.5,45,18,2009-01-09,"24_25",3.73631987110127,"April 2024",15.23,21.3,0.26,151,17.7,1.17,NA,NA,1432,31.75
"250","RTC58","u16s","u16s",2024-02-21,164,43.4,18.5,2009-01-09,"24_25",3.59850920554815,"Feb 2024",15.12,20.7,0.3,157,15.5,0.99,NA,NA,1305,29.86
"251","RTC62","DS","u16s",2024-02-14,154,57.1,16,2008-02-04,"24_25",3.59622828360534,"Feb 2024",16.03,21.4,0.44,180,19.5,1.08,NA,NA,1257,22.01
"252","RTC63","DS","u16s",2024-02-21,170,62.4,16.5,2008-07-15,"24_25",4.65831094104119,"Feb 2024",15.6,23.9,0.31,171,18.8,1.1,NA,NA,1485,24.03
"253","RTC63","DS","u16s",2023-09-09,168.5,60.3,17,2008-07-15,"24_25",4.50430249396215,"Autumn 2023",15.15,24.5,0.44,144,20.4,1.42,NA,NA,1433,22.89
"254","RTC64","u14s","u14s",2025-04-16,167.2,57,19,2011-02-21,"25_26",2.76267008073882,"April 2025",14.15,24.1,0.32,180,22.2,1.23,NA,NA,1730,29.38
"255","RTC64","u16s","u16s",2026-01-05,168.1,57.4,NA,2011-02-21,"25_26",2.84185217870713,"Jan 2026",14.87,25.1,0.32,165,18.3,1.11,4.65156794425087,5.19163763066202,NA,NA
"256","RTC64","u14s",NA,2024-08-28,165.5,54.7,19.5,2011-02-21,"25_26",2.62177348811502,"August 2024",13.52,21.2,0.28,166,18.1,1.09,NA,NA,1437,30.71
"257","RTC64","u14s","u14s",2024-02-16,162,51.4,18,2011-02-21,"25_26",2.36004556326869,"Feb 2024",12.99,24.2,0.33,182,17.2,0.95,NA,NA,1370,26.65
"258","RTC64","u16s","u16s",2025-09-09,167.3,57.6,20,2011-02-21,"25_26",2.80162447829185,"September 2025",14.55,26.9,0.35,185,25,1.36,5.27777777777778,5.26041666666667,NA,NA
"259","RTC64","u14s","u16s",2023-09-09,159.5,45.5,18.5,2011-02-21,"25_26",2.12705203721281,"Autumn 2023",12.55,23.9,0.31,150,13.4,0.89,NA,NA,1109,21.08
"260","RTC64","u14s","u14s",2024-04-04,163.5,50.8,19,2011-02-21,"25_26",2.45737188868385,"April 2024",13.12,19.3,0.24,173,14.3,0.82,NA,NA,1329,26.06
"261","RTC65","u14s","u14s",2025-04-15,166,62.6,16.5,2010-10-30,"24_25",NA,"April 2025",14.46,22.9,0.37,164,21.9,1.33,NA,NA,1972,28.71
"262","RTC66","u14s","u14s",2025-04-16,170.1,54.4,16.5,2011-05-29,"25_26",2.76004075489108,"April 2025",13.88,21.4,0.29,202,18.6,0.92,NA,NA,1617,28.72
"263","RTC66","u16s","u16s",2026-01-05,172.7,59.6,NA,2011-05-29,"25_26",2.91540904211319,"Jan 2026",14.61,21.1,0.29,187,21,1.12,4.41275167785235,4.8489932885906,NA,NA
"264","RTC66","u16s","u16s",2025-09-09,171,59.3,18,2011-05-29,"25_26",2.89481094693171,"September 2025",14.28,21.6,0.29,172,21.7,1.26,3.9460370994941,4.16526138279933,NA,NA
"265","RTC66","u14s","u16s",2024-04-09,162,50.8,17,2011-05-29,"25_26",2.20598908891601,"April 2024",12.86,20.2,0.28,179,21.1,1.18,NA,NA,1378,27.08
"266","RTC66","u14s",NA,2024-08-28,164.4,53.2,16.5,2011-05-29,"25_26",2.38603657157536,"August 2024",13.25,18.5,0.27,175,16.9,0.97,NA,NA,1514,28.25
"267","RTC67","u14s","u14s",2025-04-16,158.5,51.6,17.5,2010-12-20,"25_26",2.14589964501743,"April 2025",14.32,20.8,0.31,188,18.6,0.99,NA,NA,1593,29.89
"268","RTC67","u14s",NA,2024-08-29,157.1,53.2,16.5,2010-12-20,"25_26",2.11801332440629,"August 2024",13.69,19.4,0.25,186,17.8,0.96,NA,NA,1187,22.36
"269","RTC67","u14s","u14s",2024-02-23,156,48.3,17,2010-12-20,"25_26",1.96264371709998,"Feb 2024",13.18,18.7,0.22,205,17,0.83,NA,NA,1312,26.94
"270","RTC67","u14s","u16s",2024-04-09,162.4,47.4,NA,2010-12-20,"25_26",2.46388411814096,"April 2024",13.3,17.7,0.24,197,18,0.91,NA,NA,1395,28.42
"271","RTC67","u16s","u16s",2025-09-09,154,56.6,15.5,2010-12-20,"25_26",1.8693069872209,"September 2025",14.72,21.1,0.29,191,23.7,1.24,NA,NA,NA,NA
"272","RTC68","DS","u14s",2024-02-16,163,50,16.5,2011-03-31,"24_25",2.27839056747836,"Feb 2024",12.88,19.3,0.27,175,16,0.91,NA,NA,1369,27.21
"273","RTC68","DS","u14s",2024-04-05,166.1,51.6,15.5,2011-03-31,"24_25",2.50001084960074,"April 2024",13.01,20.5,0.32,175,18.6,1.07,NA,NA,1465,28.39
"274","RTC69","u16s","u16s",2026-01-05,162.1,53,NA,2010-03-12,"25_26",2.88110357670501,"Jan 2026",15.82,17.8,0.29,150,17.4,1.16,4.73584905660377,5.26415094339623,NA,NA
"275","RTC69","u14s","u14s",2025-04-16,162.2,53.1,17.5,2010-03-12,"25_26",2.88922489221072,"April 2025",15.1,18.5,0.25,146,18.5,1.27,NA,NA,1675,30.73
"276","RTC69","u14s","u16s",2023-09-09,157.8,49,16,2010-03-12,"25_26",2.49910807010763,"Autumn 2023",13.49,17.5,0.25,NA,NA,NA,NA,NA,1076,20.18
"277","RTC69","u16s","u16s",2025-09-09,161.1,54.7,17.5,2010-03-12,"25_26",2.83184148947296,"September 2025",15.5,20,0.31,159,16.7,1.05,3.94881170018282,4.73491773308958,NA,NA
"278","RTC69","u14s",NA,2024-08-29,160.4,44.8,16,2010-03-12,"25_26",2.6050726659224,"August 2024",14.47,18.7,0.33,174,19.1,1.1,NA,NA,1247,26.09
"279","RTC69","u14s","u14s",2024-02-16,159,48.2,16.5,2010-03-12,"25_26",2.63563948272623,"Feb 2024",13.93,15,0.2,176,17.5,0.99,NA,NA,1306,27.11
"280","RTC69","u14s","u14s",2024-04-04,160,51,15.5,2010-03-12,"25_26",2.71200541409993,"April 2024",14.06,17.9,0.25,180,16.2,0.9,NA,NA,1257,25.97
"281","RTC71","u14s","u14s",2025-04-16,161.2,50,18,2010-09-27,"25_26",2.54144303058033,"April 2025",14.55,22.8,0.38,160,17,1.06,NA,NA,1379,27.64
"282","RTC71","u16s","u16s",2025-09-09,161,52.1,18.5,2010-09-27,"25_26",2.55038619235708,"September 2025",14.95,24.4,0.32,166,20.4,1.23,4.52975047984645,4.79846449136276,NA,NA
"283","RTC71","u14s","u14s",2024-04-04,155.4,43,17.5,2010-09-27,"25_26",2.03763621360076,"April 2024",13.52,20.3,0.32,160,24.6,1.43,NA,NA,1170,26.95
"284","RTC71","u14s","u14s",2024-02-23,154,42.1,18,2010-09-27,"25_26",1.95090998505302,"Feb 2024",13.41,19.9,0.31,158,14.9,0.94,NA,NA,962,22.58
"285","RTC71","u14s",NA,2024-08-28,157.65,63.1,19,2010-09-27,"25_26",2.47153308947017,"August 2024",13.92,20.4,0.3,153,12.1,0.79,NA,NA,1253,28.61
"286","RTC71","u14s","u16s",2023-09-09,151.4,39.4,NA,2010-09-27,"25_26",1.75240453119878,"Autumn 2023",12.95,22.1,0.27,178,21,1.18,NA,NA,871,18.73
"287","RTC72","DS","u14s",2024-02-16,153,47.2,16,2011-01-15,"24_25",1.73835134136114,"Feb 2024",13.09,20.8,0.39,177,18.8,1.06,NA,NA,1171,24.7
"288","RTC72","DS","u14s",2024-04-04,155,48.4,16,2011-01-15,"24_25",1.86980298360846,"April 2024",13.22,21.1,0.34,188,20.1,1.07,NA,NA,1379,28.2
"289","RTC73","u14s","u14s",2025-04-16,171,62.3,17,2010-06-12,"25_26",3.52853590623125,"April 2025",14.84,22.2,0.32,165,18.8,1.14,NA,NA,2183,34.27
"290","RTC73","u16s","u16s",2025-09-09,169,65.6,18,2010-06-12,"25_26",3.43303241980964,"September 2025",15.24,23.2,0.35,181,21,1.16,5.92987804878049,6.06707317073171,NA,NA
"291","RTC73","u14s","u14s",2024-04-04,167.5,55.6,18.5,2010-06-12,"25_26",3.20849777536212,"April 2024",13.81,20.7,0.31,179,16.6,0.93,NA,NA,1504,26.76
"292","RTC73","u14s","u14s",2024-02-16,165,53.2,19,2010-06-12,"25_26",3.02241663379317,"Feb 2024",13.68,22.3,0.36,178,17.9,1,NA,NA,1386,26.1
"293","RTC74","u14s","u14s",2025-04-15,165,62.4,14,2011-08-17,"25_26",NA,"April 2025",13.66,25.5,0.39,153,21.3,1.39,NA,NA,1619,25.38
"294","RTC74","u14s",NA,2024-08-29,164.2,44.5,15,2011-08-17,"25_26",2.07291058088832,"August 2024",13.03,25.1,0.39,163,23.4,1.44,NA,NA,1300,20.81
"295","RTC74","u14s","u14s",2024-02-23,163,59,15.5,2011-08-17,"25_26",2.2166235399554,"Feb 2024",12.52,22.1,0.36,150,16.7,1.11,NA,NA,1285,21.56
"296","RTC74","u16s","u16s",2025-09-09,164.6,65.4,14.5,2011-08-17,"25_26",2.35072073444825,"September 2025",14.06,28.9,0.45,161,26.1,1.62,4.12844036697248,4.64831804281346,NA,NA
"297","RTC74","u14s","u14s",2023-09-11,NA,NA,16,2011-08-17,"25_26",NA,"Autumn 2023",12.07,22.7,0.42,171,20.9,1.22,NA,NA,NA,NA
"298","RTC74","u14s","u14s",2024-04-05,162.9,60.6,13.5,2011-08-17,"25_26",2.21337198891135,"April 2024",12.63,20.9,0.33,170,20.1,1.18,NA,NA,1327,21.79
"299","RTC75","DS","u14s",2024-02-16,160,54.2,16.5,2010-09-10,"24_25",2.46764789848049,"Feb 2024",13.43,17,0.33,178,18.9,1.06,NA,NA,1387,25.45
"300","RTC75","DS","u14s",2024-04-04,162,55,16.5,2010-09-10,"24_25",2.62453779238289,"April 2024",13.57,19.9,0.38,183,19.7,1.07,NA,NA,1467,26.38
"301","RTC76","u16s","u16s",2025-09-09,163.5,50.9,19.5,2010-11-18,"25_26",2.57794788400306,"September 2025",14.81,23.3,0.4,140,21.5,1.54,5.5992141453831,5.54027504911591,NA,NA
"302","RTC76","u14s","u14s",2024-02-16,157,40.9,19.5,2010-11-18,"25_26",2.04713525099421,"Feb 2024",13.25,22.1,0.33,142,20,1.41,NA,NA,1146,27.54
"303","RTC76","u14s","u14s",2024-04-04,159.1,42,18.5,2010-11-18,"25_26",2.11931575265074,"April 2024",13.38,22.5,0.34,139,16.6,1.19,NA,NA,1374,31.95
"304","RTC76","u14s","u14s",2025-04-16,163.8,47.6,17,2010-11-18,"25_26",2.53773456071026,"April 2025",14.41,26.1,0.42,135,21.2,1.57,NA,NA,1760,35.62
"305","RTC76","u14s",NA,2024-08-29,160.9,55.9,18,2010-11-18,"25_26",2.45038831834011,"August 2024",13.78,24.1,0.5,139,22,1.58,NA,NA,NA,NA
"306","RTC77","u16s","u16s",2025-09-09,161.3,58.9,14.5,2010-12-15,"25_26",2.45562300251546,"September 2025",14.73,25.3,0.34,164,21.7,1.32,5.14431239388795,5.51782682512733,NA,NA
"307","RTC77","u14s","u14s",2025-04-16,161.7,56.2,NA,2010-12-15,"25_26",2.47156630308836,"April 2025",14.33,NA,NA,NA,NA,NA,NA,NA,NA,NA
"308","RTC77","u14s","u16s",2023-09-09,157.6,49.5,16.5,2010-12-15,"25_26",2.12717080383714,"Autumn 2023",12.73,25.4,0.39,170,22.4,1.32,NA,NA,1202,22.9
"309","RTC77","u14s",NA,2024-08-29,160.45,66.4,14.5,2010-12-15,"25_26",2.53973943827307,"August 2024",13.7,26.3,0.41,152,20.7,1.36,NA,NA,1294,26.52
"310","RTC77","u14s","u14s",2024-04-05,160.2,53.6,13.5,2010-12-15,"25_26",2.33289082745878,"April 2024",13.31,25.8,0.4,167,22.2,1.33,NA,NA,1587,29.34
"311","RTC77","u16s","u16s",2026-01-05,162.5,55.6,NA,2010-12-15,"25_26",2.49347934141842,"Jan 2026",15.06,22.3,0.33,162,16.7,1.03,4.60431654676259,5.52158273381295,NA,NA
"312","RTC77","u14s","u14s",2024-02-23,160,50.7,16.5,2010-12-15,"25_26",2.31933592966461,"Feb 2024",13.19,27.3,0.41,178,20.3,1.15,NA,NA,1411,27.51
"313","RTC78","u16s","u14s",2024-02-20,163,51.9,NA,2009-11-19,"24_25",3.13652543108854,"Feb 2024",14.25,24.1,0.36,131,14.2,1.08,NA,NA,NA,NA
"314","RTC78","u16s","u16s",2023-09-09,161.7,50.9,18,2009-11-19,"24_25",3.02777782262977,"Autumn 2023",13.81,22.3,0.36,131,16.5,1.27,NA,NA,1342,22.4
"315","RTC79","DS","u16s",2023-09-09,163.1,50.5,16,2009-09-25,"24_25",3.21796494587093,"Autumn 2023",13.96,20.2,0.25,153,20.3,1.33,NA,NA,1490,26.51
"316","RTC80","u14s",NA,2024-08-28,162.6,55.2,NA,2011-07-13,"24_25",2.17894985608059,"August 2024",13.13,18.2,0.29,192,19.9,1.04,NA,NA,1401,23.98
"317","RTC80","u14s","u14s",2024-04-04,162.5,64.2,16,2011-07-13,"24_25",2.32592315523245,"April 2024",12.73,19.5,0.33,204,15.2,0.75,NA,NA,1477,22.9
"318","RTC80","u14s","u14s",2024-02-23,162,62.2,16.5,2011-07-13,"24_25",2.3011609058159,"Feb 2024",12.61,20.5,0.38,169,14.7,0.87,NA,NA,1336,21.41
"319","RTC81","u14s","u14s",2024-02-16,158,54.7,16.5,2011-05-25,"25_26",1.943766377959,"Feb 2024",12.73,16.9,0.2,NA,NA,NA,NA,NA,1186,21.65
"320","RTC81","u16s","u16s",2026-01-05,163.5,63,NA,2011-05-25,"25_26",2.36835304002662,"Jan 2026",14.62,17.5,0.26,167,14.5,0.87,4.23809523809524,4.31746031746032,NA,NA
"321","RTC82","u14s",NA,2024-08-29,160.6,46.7,17.5,2010-10-12,"24_25",2.38690073973634,"August 2024",13.88,28.3,0.46,160,30.8,1.94,NA,NA,1151,25.29
"322","RTC82","u14s","u14s",2024-02-16,156,43,18,2010-10-12,"24_25",2.03442829924972,"Feb 2024",13.35,30.8,0.4,164,23.9,1.45,NA,NA,1379,32.31
"323","RTC82","u14s","u16s",2024-04-09,157.6,43.8,17.5,2010-10-12,"24_25",2.15705949596147,"April 2024",13.49,25.5,0.44,160,27.9,1.73,NA,NA,NA,NA
"324","RTC83","u14s","u14s",2024-02-16,162,46.4,19.5,2011-03-08,"24_25",2.26242874641721,"Feb 2024",12.94,21.8,0.36,223,21.3,0.95,NA,NA,1270,26.91
"325","RTC83","u14s","u14s",2024-04-04,166.1,48.4,18.5,2011-03-08,"24_25",2.55256439175628,"April 2024",13.07,18.9,0.37,178,16.8,0.94,NA,NA,1483,30.08
"326","RTC84","u14s","u14s",2024-04-04,169.6,50.2,18.5,2011-03-08,"24_25",2.81714203123639,"April 2024",13.07,22.1,0.4,184,24,1.31,NA,NA,1338,26.76
"327","RTC84","u14s","u14s",2024-02-16,168,48.7,18,2011-03-08,"24_25",2.71529277530654,"Feb 2024",12.94,19.7,0.26,188,16.8,0.9,NA,NA,1232,25.25
"328","RTC85","u14s","u14s",2024-04-04,152.6,48.6,19,2010-11-23,"25_26",1.79123082875545,"April 2024",13.36,19.7,0.3,157,15.7,1,NA,NA,1489,31.14
"329","RTC85","u16s","u16s",2025-09-09,155.4,NA,NA,2010-11-23,"25_26",NA,"September 2025",14.79,NA,NA,NA,NA,NA,NA,NA,NA,NA
"330","RTC85","u14s","u14s",2024-02-16,153,47,19,2010-11-23,"25_26",1.79100532162097,"Feb 2024",13.23,21.7,0.23,153,20.5,1.34,NA,NA,1300,27.49
"331","RTC85","u14s","u14s",2025-04-16,155.7,52.5,19,2010-11-23,"25_26",2.01881336121059,"April 2025",14.39,22.7,0.33,146,19.6,1.34,NA,NA,1726,31.79
"332","RTC85","u16s","u16s",2026-01-05,155.4,55,NA,2010-11-23,"25_26",2.01165618885676,"Jan 2026",15.12,21,0.34,138,14.2,1.02,4.6,5.16363636363636,NA,NA
"333","RTC86","u14s",NA,2024-08-28,163,57.1,17.5,2010-11-15,"25_26",2.60525690879253,"August 2024",13.78,27,0.32,208,19.9,0.96,NA,NA,1803,31.46
"334","RTC86","u14s","u16s",2023-09-09,159.6,55.8,17.5,2010-11-15,"25_26",2.37328066984216,"Autumn 2023",12.82,26.3,0.36,212,16.5,0.78,NA,NA,1485,23.27
"335","RTC86","u14s","u14s",2025-04-15,163.8,56,17.5,2010-11-15,"25_26",NA,"April 2025",14.41,31.5,0.36,241,25.8,1.07,NA,NA,1934,32.34
"336","RTC86","u14s","u14s",2024-02-23,162,55.9,18,2010-11-15,"25_26",2.54391534437549,"Feb 2024",13.27,26.5,0.33,206,13.5,0.65,NA,NA,1738,31.04
"337","RTC86","u16s","u16s",2025-09-09,163.9,57.6,19,2010-11-15,"25_26",2.66688890836788,"September 2025",14.82,34.1,0.4,226,29.2,1.29,5.9375,6.57986111111111,NA,NA
"338","RTC86","u14s","u14s",2024-04-05,162.8,56.2,18,2010-11-15,"25_26",2.5764309460081,"April 2024",13.39,27.8,0.36,212,21.8,1.04,NA,NA,1866,32.69
"339","RTC87","DS","u14s",2024-02-23,160,46.4,NA,2010-09-27,"24_25",2.32834459289528,"Feb 2024",13.41,23.9,0.35,132,20.1,1.53,NA,NA,1397,29.85
"340","RTC87","DS","u16s",2023-09-09,156.9,43.4,16.5,2010-09-27,"24_25",2.08126352897686,"Autumn 2023",12.95,27.3,0.36,152,28,1.84,NA,NA,1171,24.45
"341","RTC87","DS","u14s",2024-04-05,166.2,48,NA,2010-09-27,"24_25",2.83349589600086,"April 2024",13.52,26.3,0.38,151,25.8,1.71,NA,NA,1533,31.94
"342","RTC88","u16s","u14s",2024-04-05,170.2,70.2,17.5,2009-10-25,"25_26",3.99376800665769,"April 2024",14.45,20.6,0.38,212,16.5,0.78,NA,NA,1837,25.98
"343","RTC88","u16s","u16s",2023-09-09,165.6,61.6,17.5,2009-10-25,"25_26",3.53512956097357,"Autumn 2023",13.87,21.8,0.35,188,16,0.85,NA,NA,1287,18.57
"344","RTC88","u16s","u16s",2025-09-09,175.6,76.2,18,2009-10-25,"25_26",4.48118269732609,"September 2025",15.87,26.4,0.37,166,16.3,0.99,5.32808398950131,4.80314960629921,NA,NA
"345","RTC88","u16s","u14s",2024-02-16,170,69.9,17,2009-10-25,"25_26",3.98256441799653,"Feb 2024",14.31,22.1,0.32,217,19.2,0.89,NA,NA,1441,20.71
"346","RTC88","u16s","u16s",2025-04-15,175.7,76.7,18,2009-10-25,"25_26",4.49982462599724,"April 2025",15.47,27.8,0.35,175,16.5,0.94,NA,NA,2152,26.17
"347","RTC88","u16s","u16s",2026-01-05,175.5,75.2,NA,2009-10-25,"25_26",4.4611282303982,"Jan 2026",16.2,26.4,0.34,167,16.6,0.99,4.72074468085106,5,NA,NA
"348","RTC88","u16s",NA,2024-08-28,172.6,70.4,17,2009-10-25,"25_26",4.17601671533315,"August 2024",14.84,19.9,0.29,170,14.2,0.84,NA,NA,1947,27.5
"349","RTC89","u16s","u14s",2024-02-16,159,46.5,17,2010-02-24,"24_25",2.62420507641509,"Feb 2024",13.98,21.6,0.32,190,20.1,1.06,NA,NA,998,21.37
"350","RTC89","u16s",NA,2024-08-29,158.65,47.3,16.5,2010-02-24,"24_25",2.59013438912743,"August 2024",14.51,20.7,0.34,170,22.4,1.32,NA,NA,1106,22.03
"351","RTC90","u16s","u16s",2025-09-09,163.2,55,17,2009-04-10,"25_26",3.58454990403052,"September 2025",16.42,25.1,0.44,200,26.1,1.3,5.61818181818182,5.76363636363636,NA,NA
"352","RTC90","u16s","u14s",2024-02-23,161,50.6,17,2009-04-10,"25_26",3.35036377258268,"Feb 2024",14.87,25.1,0.37,174,16.7,0.96,NA,NA,1195,23.53
"353","RTC90","u16s","u14s",2024-04-04,160.6,50.8,17,2009-04-10,"25_26",3.31991344941513,"April 2024",14.98,21.3,0.37,194,17.3,0.89,NA,NA,1281,25.46
"354","RTC90","u16s","u16s",2025-04-16,164.4,55.1,17,2009-04-10,"25_26",3.66284760319165,"April 2025",16.02,24.5,0.36,224,16.4,0.73,NA,NA,1508,26.45
"355","RTC90","u16s",NA,2024-08-28,162.5,51.7,17,2009-04-10,"25_26",3.47467226839372,"August 2024",15.38,27.9,0.49,182,24.5,1.34,NA,NA,1430,27.55
"356","RTC91","DS","u14s",2023-09-18,NA,NA,NA,NA,NA,NA,"Autumn 2023",NA,18.3,0.32,164,19,1.16,NA,NA,NA,NA
"357","RTC92","u16s","u16s",2025-04-16,170.1,54,17.5,2009-09-29,"24_25",3.76034253060182,"April 2025",15.55,20.1,0.28,160,19.1,1.19,NA,NA,1845,32.82
"358","RTC92","u16s","u14s",2024-04-04,167.2,51.2,16.5,2009-09-29,"24_25",3.50307349175806,"April 2024",14.51,17.8,0.33,187,20.7,1.11,NA,NA,1646,31.97
"359","RTC92","u16s",NA,2024-08-29,168.2,52,16.5,2009-09-29,"24_25",3.59457617916767,"August 2024",14.92,18.5,0.28,165,20.5,1.24,NA,NA,1310,29.12
"360","RTC93","DS","u16s",2024-04-05,171.3,61.8,16,NA,NA,NA,"April 2024",NA,20.3,0.4,265,23.8,0.9,NA,NA,1519,24.58
"361","RTC94","u16s","u16s",2024-04-09,156.8,48.4,NA,2008-06-17,"24_25",3.43534025638592,"April 2024",15.81,25.4,0.35,162,18.4,1.13,NA,NA,1352,28.51
"362","RTC94","u16s",NA,2024-08-29,165,52.3,17.5,2008-06-17,"24_25",4.14350212576006,"August 2024",16.2,27.9,0.34,184,23.9,1.3,NA,NA,1154,22.37
